{
    "multi_class_f1": 0.2952169310643333,
    "binary_class_f1": 0.8975712777191129
}